{
	"multipart":[
		{"when":{"down":false,"east":false,"north":false,"south":false,"up":false,"west":false},"apply":{"model":"tardis:block/mushroom/mushroom_stem_survival_false"}},
		{"when":{"down":false,"east":true,"north":true,"south":true,"up":false,"west":true},"apply":{"model":"tardis:block/mushroom/mushroom_stem_survival"}},
		{"when":{"down":true,"east":true,"north":true,"south":true,"up":true,"west":true},"apply":{"model":"tardis:block/mushroom/mushroom_stem_survival_true"}},

		{"when":{"down":false,"east":false,"north":false,"south":false,"up":false,"west":true},"apply":{"model":"tardis:block/chemistry/heat_block"}},
		{"when":{"down":false,"east":false,"north":false,"south":false,"up":true,"west":false},"apply":{"model":"tardis:block/seed/grow"}},
		{"when":{"down":false,"east":false,"north":false,"south":false,"up":true,"west":true},"apply":{"model":"tardis:block/seed/delta"}},
		{"when":{"down":false,"east":false,"north":false,"south":true,"up":false,"west":false},"apply":{"model":"tardis:block/seed/copper"}},
		{"when":{"down":false,"east":false,"north":false,"south":true,"up":false,"west":true},"apply":{"model":"tardis:block/seed/cave"}},
		{"when":{"down":false,"east":false,"north":false,"south":true,"up":true,"west":false},"apply":{"model":"tardis:block/seed/weathered"}},
		{"when":{"down":false,"east":false,"north":false,"south":true,"up":true,"west":true},"apply":{"model":"tardis:block/mushroom/unused"}},
		{"when":{"down":false,"east":false,"north":true,"south":false,"up":false,"west":false},"apply":{"model":"tardis:block/mushroom/unused"}},
		{"when":{"down":false,"east":false,"north":true,"south":false,"up":false,"west":true},"apply":{"model":"tardis:block/mushroom/unused"}},
		{"when":{"down":false,"east":false,"north":true,"south":false,"up":true,"west":false},"apply":{"model":"tardis:block/mushroom/unused"}},
		{"when":{"down":false,"east":false,"north":true,"south":false,"up":true,"west":true},"apply":{"model":"tardis:block/mushroom/unused"}},
		{"when":{"down":false,"east":false,"north":true,"south":true,"up":false,"west":false},"apply":{"model":"tardis:block/mushroom/unused"}},
		{"when":{"down":false,"east":false,"north":true,"south":true,"up":false,"west":true},"apply":{"model":"tardis:block/seed/rotor"}},
		{"when":{"down":false,"east":false,"north":true,"south":true,"up":true,"west":false},"apply":{"model":"tardis:block/mushroom/unused"}},
		{"when":{"down":false,"east":false,"north":true,"south":true,"up":true,"west":true},"apply":{"model":"tardis:block/mushroom/unused"}},
		{"when":{"down":false,"east":true,"north":false,"south":false,"up":false,"west":false},"apply":{"model":"tardis:block/mushroom/unused"}},
		{"when":{"down":false,"east":true,"north":false,"south":false,"up":false,"west":true},"apply":{"model":"tardis:block/mushroom/unused"}},
		{"when":{"down":false,"east":true,"north":false,"south":false,"up":true,"west":false},"apply":{"model":"tardis:block/mushroom/unused"}},
		{"when":{"down":false,"east":true,"north":false,"south":false,"up":true,"west":true},"apply":{"model":"tardis:block/mushroom/unused"}},
		{"when":{"down":false,"east":true,"north":false,"south":true,"up":false,"west":false},"apply":{"model":"tardis:block/mushroom/unused"}},
		{"when":{"down":false,"east":true,"north":false,"south":true,"up":false,"west":true},"apply":{"model":"tardis:block/mushroom/unused"}},
		{"when":{"down":false,"east":true,"north":false,"south":true,"up":true,"west":false},"apply":{"model":"tardis:block/mushroom/unused"}},
		{"when":{"down":false,"east":true,"north":false,"south":true,"up":true,"west":true},"apply":{"model":"tardis:block/mushroom/unused"}},
		{"when":{"down":false,"east":true,"north":true,"south":false,"up":false,"west":false},"apply":{"model":"tardis:block/mushroom/unused"}},
		{"when":{"down":false,"east":true,"north":true,"south":false,"up":false,"west":true},"apply":{"model":"tardis:block/mushroom/unused"}},
		{"when":{"down":false,"east":true,"north":true,"south":false,"up":true,"west":false},"apply":{"model":"tardis:block/mushroom/unused"}},
		{"when":{"down":false,"east":true,"north":true,"south":false,"up":true,"west":true},"apply":{"model":"tardis:block/mushroom/unused"}},
		{"when":{"down":false,"east":true,"north":true,"south":true,"up":false,"west":false},"apply":{"model":"tardis:block/mushroom/unused"}},
		{"when":{"down":false,"east":true,"north":true,"south":true,"up":true,"west":false},"apply":{"model":"tardis:block/mushroom/unused"}},
		{"when":{"down":false,"east":true,"north":true,"south":true,"up":true,"west":true},"apply":{"model":"tardis:block/mushroom/unused"}},
		{"when":{"down":true,"east":false,"north":false,"south":false,"up":false,"west":false},"apply":{"model":"tardis:block/mushroom/unused"}},
		{"when":{"down":true,"east":false,"north":false,"south":false,"up":false,"west":true},"apply":{"model":"tardis:block/mushroom/unused"}},
		{"when":{"down":true,"east":false,"north":false,"south":false,"up":true,"west":false},"apply":{"model":"tardis:block/mushroom/unused"}},
		{"when":{"down":true,"east":false,"north":false,"south":false,"up":true,"west":true},"apply":{"model":"tardis:block/mushroom/unused"}},
		{"when":{"down":true,"east":false,"north":false,"south":true,"up":false,"west":false},"apply":{"model":"tardis:block/mushroom/unused"}},
		{"when":{"down":true,"east":false,"north":false,"south":true,"up":false,"west":true},"apply":{"model":"tardis:block/mushroom/unused"}},
		{"when":{"down":true,"east":false,"north":false,"south":true,"up":true,"west":false},"apply":{"model":"tardis:block/chemistry/blue_lamp_on"}},
		{"when":{"down":true,"east":false,"north":false,"south":true,"up":true,"west":true},"apply":{"model":"tardis:block/chemistry/green_lamp_on"}},
		{"when":{"down":true,"east":false,"north":true,"south":false,"up":false,"west":false},"apply":{"model":"tardis:block/chemistry/purple_lamp_on"}},
		{"when":{"down":true,"east":false,"north":true,"south":false,"up":false,"west":true},"apply":{"model":"tardis:block/chemistry/red_lamp_on"}},
		{"when":{"down":true,"east":false,"north":true,"south":false,"up":true,"west":false},"apply":{"model":"tardis:block/chemistry/blue_lamp"}},
		{"when":{"down":true,"east":false,"north":true,"south":false,"up":true,"west":true},"apply":{"model":"tardis:block/chemistry/green_lamp"}},
		{"when":{"down":true,"east":false,"north":true,"south":true,"up":false,"west":false},"apply":{"model":"tardis:block/chemistry/purple_lamp"}},
		{"when":{"down":true,"east":false,"north":true,"south":true,"up":false,"west":true},"apply":{"model":"tardis:block/chemistry/red_lamp"}},
		{"when":{"down":true,"east":false,"north":true,"south":true,"up":true,"west":false},"apply":{"model":"tardis:block/seed/custom"}},
		{"when":{"down":true,"east":false,"north":true,"south":true,"up":true,"west":true},"apply":{"model":"tardis:block/tardis/hexagon"}},
		{"when":{"down":true,"east":true,"north":false,"south":false,"up":false,"west":false},"apply":{"model":"tardis:block/tardis/roundel"}},
		{"when":{"down":true,"east":true,"north":false,"south":false,"up":false,"west":true},"apply":{"model":"tardis:block/tardis/roundel_offset"}},
		{"when":{"down":true,"east":true,"north":false,"south":false,"up":true,"west":false},"apply":{"model":"tardis:block/tardis/cog"}},
		{"when":{"down":true,"east":true,"north":false,"south":false,"up":true,"west":true},"apply":{"model":"tardis:block/tardis/advanced_console"}},
		{"when":{"down":true,"east":true,"north":false,"south":true,"up":false,"west":false},"apply":{"model":"tardis:block/tardis/disk_storage"}},
		{"when":{"down":true,"east":true,"north":false,"south":true,"up":false,"west":true},"apply":{"model":"tardis:block/tardis/lamp_off"}},
		{"when":{"down":true,"east":true,"north":false,"south":true,"up":true,"west":false},"apply":{"model":"tardis:block/tardis/lantern_off"}},
		{"when":{"down":true,"east":true,"north":false,"south":true,"up":true,"west":true},"apply":{"model":"tardis:block/tardis/blue_box"}},
		{"when":{"down":true,"east":true,"north":true,"south":false,"up":false,"west":false},"apply":{"model":"tardis:block/mushroom/unused"}},
		{"when":{"down":true,"east":true,"north":true,"south":false,"up":false,"west":true},"apply":{"model":"tardis:block/mushroom/unused"}},
		{"when":{"down":true,"east":true,"north":true,"south":false,"up":true,"west":false},"apply":{"model":"tardis:block/mushroom/unused"}},
		{"when":{"down":true,"east":true,"north":true,"south":false,"up":true,"west":true},"apply":{"model":"tardis:block/mushroom/unused"}},
		{"when":{"down":true,"east":true,"north":true,"south":true,"up":false,"west":false},"apply":{"model":"tardis:block/mushroom/unused"}},
		{"when":{"down":true,"east":true,"north":true,"south":true,"up":false,"west":true},"apply":{"model":"tardis:block/mushroom/unused"}},
		{"when":{"down":true,"east":true,"north":true,"south":true,"up":true,"west":false},"apply":{"model":"tardis:block/mushroom/unused"}}
	]
}
